SUBJECT,CONFIGURATION,SEED,ALGORITHM,PROBE_ENABLED,COVERAGE,COVERED_BRANCHES,TOTAL_BRANCHES,BRANCH_COVERAGE,COVERED_LINES,TOTAL_LINES,LINE_COVERAGE,COVERED_FUNCTIONS,TOTAL_FUNCTIONS,FUNCTION_COVERAGE,COVERED_PROBES,TOTAL_PROBES,PROBE_COVERAGE,SEARCH_TIME,ITERATIONS,ID
BAE.sol,,927,Random,false,0.35714285714285715,0,6,0,9,50,0.18,5,8,0.625,12,36,0.3333333333333333,1809.25,177,5
BTCParamV2.sol,,209,Random,false,0.19230769230769232,0,12,0,16,56,0.2857142857142857,5,16,0.3125,6,14,0.42857142857142855,1803.9800000190735,404,5
Controller.sol,,469,Random,false,0.7037037037037037,0,8,0,38,70,0.5428571428571428,19,19,1,32,34,0.9411764705882353,1807.1579999923706,324,5
Cryptoz.sol,,33,Random,false,0.49019607843137253,2,18,0.1111111111111111,48,155,0.3096774193548387,24,34,0.7058823529411765,28,74,0.3783783783783784,1811.920000076294,120,149
AavePoolReward.sol,,14,Random,false,0.7142857142857143,5,10,0.5,27,44,0.6136363636363636,11,12,0.9166666666666666,6,6,1,1802.1040000915527,313,149
BACMARSLPTOKENPool.sol,,455,Random,false,0.6222222222222222,6,12,0.5,52,94,0.5531914893617021,25,36,0.6944444444444444,17,30,0.5666666666666667,1800.2030000686646,305,149
CourtFarming_RoomLPStake.sol,,905,Random,false,0.6153846153846154,12,32,0.375,73,108,0.6759259259259259,20,20,1,4,4,1,1804.5750000476837,292,134
ANRXToken.sol,,777,Random,false,0.4782608695652174,6,12,0.5,34,44,0.7727272727272727,11,11,1,13,16,0.8125,1806.1130001544952,297,134
Baz.sol,,345,Random,false,0.8,7,8,0.875,14,16,0.875,2,2,1,0,0,0,1801.170000076294,418,134
BirdOracle.sol,,7,Random,false,0.6153846153846154,15,28,0.5357142857142857,44,66,0.6666666666666666,9,9,1,0,2,0,1801.7640001773834,478,143
Final.sol,,916,Random,false,0.19047619047619047,5,26,0.19230769230769232,28,105,0.26666666666666666,7,37,0.1891891891891892,9,40,0.225,1803.826000213623,241,143
Liquidity_v8.sol,,856,Random,false,0.3877551020408163,2,18,0.1111111111111111,34,126,0.2698412698412698,18,33,0.5454545454545454,14,48,0.2916666666666667,1803.4960000514984,276,143
Fomp.sol,,37,Random,false,0.6511627906976745,8,24,0.3333333333333333,64,92,0.6956521739130435,19,19,1,15,20,0.75,1801.6960000991821,397,92
GardenContractV2.sol,,282,Random,false,0.32978723404255317,7,62,0.11290322580645161,50,197,0.25380710659898476,25,32,0.78125,0,22,0,1803.4879999160767,224,92
FairStockEquity.sol,,121,Random,false,0.8125,1,6,0.16666666666666666,59,120,0.49166666666666664,27,28,0.9642857142857143,31,48,0.6458333333333334,1806.513000011444,217,92
Dynamic.sol,,600,DynaMOSA,false,0.75,1,2,0.5,3,4,0.75,2,2,1,0,0,0,1765.2780001163483,38,76
Cover_ZapIn_General_V1.sol,,299,DynaMOSA,false,0.34545454545454546,2,16,0.125,39,129,0.3023255813953488,22,42,0.5238095238095238,13,44,0.29545454545454547,1794.1849999427795,18,76
AntiBaseProtocol.sol,,830,DynaMOSA,false,0.7708333333333334,3,8,0.375,85,98,0.8673469387755102,39,42,0.9285714285714286,24,26,0.9230769230769231,1864.2560000419617,24,76
DJCoin.sol,,851,Random,false,0.8275862068965517,3,6,0.5,69,91,0.7582417582417582,22,25,0.88,18,28,0.6428571428571429,1803.417000055313,287,98
BlueICE.sol,,637,Random,false,0.6666666666666666,7,14,0.5,67,117,0.5726495726495726,31,43,0.7209302325581395,20,38,0.5263157894736842,1803.4270000457764,306,98
DatrixoEquityToken.sol,,433,Random,false,0.4722222222222222,5,22,0.22727272727272727,33,62,0.532258064516129,13,16,0.8125,20,28,0.7142857142857143,1800.0550000667572,461,98
AntiBaseProtocol.sol,,511,DynaMOSA,false,0.7708333333333334,3,8,0.375,84,98,0.8571428571428571,39,42,0.9285714285714286,24,26,0.9230769230769231,1845.1559998989105,24,106
Dynamic.sol,,28,DynaMOSA,false,0.75,1,2,0.5,3,4,0.75,2,2,1,0,0,0,1744.960000038147,37,106
Cover_ZapIn_General_V1.sol,,931,DynaMOSA,false,0.34545454545454546,2,16,0.125,39,129,0.3023255813953488,22,42,0.5238095238095238,13,44,0.29545454545454547,1795.210000038147,18,106
BlueICE.sol,,343,DynaMOSA,true,0.5869565217391305,7,14,0.5,67,117,0.5726495726495726,31,43,0.7209302325581395,20,38,0.5263157894736842,1842.733999967575,27,39
DJCoin.sol,,445,DynaMOSA,true,0.7017543859649122,3,6,0.5,69,91,0.7582417582417582,22,25,0.88,18,28,0.6428571428571429,1793.2820000648499,25,39
CourtFarming_RoomLPStake.sol,,438,Random,false,0.6153846153846154,12,32,0.375,73,108,0.6759259259259259,20,20,1,4,4,1,1804.1349999904633,293,44
Baz.sol,,619,Random,false,0.8,7,8,0.875,14,16,0.875,2,2,1,0,0,0,1801.65900015831,424,44
ANRXToken.sol,,492,Random,false,0.4782608695652174,6,12,0.5,34,44,0.7727272727272727,11,11,1,13,16,0.8125,1804.5009999275208,284,44
FairStockEquity.sol,,322,DynaMOSA,true,0.6125,1,6,0.16666666666666666,60,120,0.5,27,28,0.9642857142857143,32,48,0.6666666666666666,1849.7259998321533,19,33
GreenMarkTrust.sol,,807,DynaMOSA,true,0.875,1,2,0.5,31,37,0.8378378378378378,8,8,1,13,14,0.9285714285714286,1773.1449999809265,34,33
Fomp.sol,,988,DynaMOSA,true,0.6666666666666666,8,24,0.3333333333333333,64,92,0.6956521739130435,19,19,1,15,20,0.75,1807.824000120163,36,33
BlueICE.sol,,867,DynaMOSA,false,0.6666666666666666,7,14,0.5,67,117,0.5726495726495726,31,43,0.7209302325581395,20,38,0.5263157894736842,1791.7650001049042,26,127
DJCoin.sol,,797,DynaMOSA,false,0.8275862068965517,3,6,0.5,69,91,0.7582417582417582,22,25,0.88,18,28,0.6428571428571429,1764.5460000038147,24,127
DatrixoEquityToken.sol,,39,DynaMOSA,false,0.6388888888888888,8,22,0.36363636363636365,46,62,0.7419354838709677,14,16,0.875,25,28,0.8928571428571429,1790.5230000019073,39,127
AavePoolReward.sol,,429,DynaMOSA,true,0.7037037037037037,5,10,0.5,27,44,0.6136363636363636,11,12,0.9166666666666666,6,6,1,1797.1849999427795,27,150
BACMARSLPTOKENPool.sol,,78,DynaMOSA,true,0.5333333333333333,6,12,0.5,52,94,0.5531914893617021,25,36,0.6944444444444444,17,30,0.5666666666666667,1747.7039999961853,25,150
Cryptoz.sol,,161,DynaMOSA,true,0.264,1,18,0.05555555555555555,27,155,0.17419354838709677,20,34,0.5882352941176471,14,74,0.1891891891891892,1685.5309998989105,10,150
EqFinanceStaking.sol,,473,DynaMOSA,true,0.352112676056338,4,20,0.2,24,88,0.2727272727272727,16,30,0.5333333333333333,7,22,0.3181818181818182,1840.1779999732971,34,12
FrogDAOGovernanceRewards.sol,,666,DynaMOSA,true,0.5897435897435898,5,10,0.5,30,56,0.5357142857142857,13,16,0.8125,8,16,0.5,1734.6730000972748,27,12
PRDZstakingV2.sol,,241,DynaMOSA,true,0.4268292682926829,5,26,0.19230769230769232,53,136,0.3897058823529412,26,39,0.6666666666666666,7,18,0.3888888888888889,1738.84099984169,28,12
Controller.sol,,477,Random,false,0.7037037037037037,0,8,0,38,70,0.5428571428571428,19,19,1,32,34,0.9411764705882353,1803.6259999275208,332,65
BAE.sol,,299,Random,false,0.35714285714285715,0,6,0,9,50,0.18,5,8,0.625,12,36,0.3333333333333333,1803.0540001392365,174,65
BTCParamV2.sol,,246,Random,false,0.19230769230769232,0,12,0,16,56,0.2857142857142857,5,16,0.3125,6,14,0.42857142857142855,1802.8669998645782,408,65
DSP.sol,,317,DynaMOSA,true,0.6764705882352942,4,18,0.2222222222222222,97,154,0.6298701298701299,52,64,0.8125,44,60,0.7333333333333333,1703.093999862671,18,81
DMONDETHRewards.sol,,603,DynaMOSA,true,0.6043956043956044,7,14,0.5,67,105,0.638095238095238,37,47,0.7872340425531915,19,34,0.5588235294117647,1723.574000120163,24,81
Core_Fi_V3.sol,,17,DynaMOSA,true,0.8333333333333334,2,4,0.5,15,22,0.6818181818181818,7,8,0.875,0,0,0,1817.6159999370575,34,81
Cover_ZapIn_General_V1.sol,,582,DynaMOSA,true,0.26262626262626265,2,16,0.125,39,129,0.3023255813953488,22,42,0.5238095238095238,13,44,0.29545454545454547,1727.4959998130798,17,18
Dynamic.sol,,136,DynaMOSA,true,0.75,1,2,0.5,3,4,0.75,2,2,1,0,0,0,1808.2130000591278,35,18
AntiBaseProtocol.sol,,251,DynaMOSA,true,0.7567567567567568,3,8,0.375,84,98,0.8571428571428571,39,42,0.9285714285714286,24,26,0.9230769230769231,1798.5769999027252,22,18
BancorV2_ZapIn_General_V1_1.sol,,324,DynaMOSA,false,0.2962962962962963,1,18,0.05555555555555555,30,118,0.2542372881355932,19,39,0.48717948717948717,8,42,0.19047619047619047,1847.3939998149872,20,115
FreakCoin.sol,,172,DynaMOSA,false,0.5652173913043478,5,10,0.5,56,74,0.7567567567567568,13,13,1,9,10,0.9,1785.8120000362396,28,115
CourtFarming_HTStake.sol,,28,DynaMOSA,false,0.6153846153846154,12,32,0.375,73,109,0.6697247706422018,20,20,1,4,4,1,1730.3810000419617,25,115
CourtFarming_HTStake.sol,,272,DynaMOSA,true,0.6071428571428571,12,32,0.375,73,109,0.6697247706422018,20,20,1,4,4,1,1729.46599984169,25,57
BancorV2_ZapIn_General_V1_1.sol,,985,DynaMOSA,true,0.22916666666666666,1,18,0.05555555555555555,30,118,0.2542372881355932,19,39,0.48717948717948717,8,42,0.19047619047619047,1773.8320000171661,19,57
FreakCoin.sol,,80,DynaMOSA,true,0.6060606060606061,5,10,0.5,57,74,0.7702702702702703,13,13,1,9,10,0.9,1726.901999950409,28,57
DSP.sol,,715,Random,false,0.7105263157894737,5,18,0.2777777777777778,105,154,0.6818181818181818,55,64,0.859375,47,60,0.7833333333333333,1805.1399998664856,234,20
Core_Fi_V3.sol,,667,Random,false,0.75,2,4,0.5,15,22,0.6818181818181818,7,8,0.875,0,0,0,1804.125,394,20
DMONDETHRewards.sol,,129,Random,false,0.7017543859649122,7,14,0.5,67,105,0.638095238095238,37,47,0.7872340425531915,19,34,0.5588235294117647,1803.8650000095367,285,20
BancorV2_ZapIn_General_V1_1.sol,,641,DynaMOSA,true,0.22916666666666666,1,18,0.05555555555555555,30,118,0.2542372881355932,19,39,0.48717948717948717,8,42,0.19047619047619047,1865.5199999809265,20,27
CourtFarming_HTStake.sol,,600,DynaMOSA,true,0.6071428571428571,12,32,0.375,73,109,0.6697247706422018,20,20,1,4,4,1,1807.141000032425,26,27
FreakCoin.sol,,246,DynaMOSA,true,0.6060606060606061,5,10,0.5,56,74,0.7567567567567568,13,13,1,9,10,0.9,1817.792000055313,29,27
DSP.sol,,953,Random,false,0.6973684210526315,4,18,0.2222222222222222,108,154,0.7012987012987013,55,64,0.859375,48,60,0.8,1803.6100001335144,232,50
DMONDETHRewards.sol,,589,Random,false,0.7017543859649122,7,14,0.5,67,105,0.638095238095238,37,47,0.7872340425531915,19,34,0.5588235294117647,1804.4100000858307,271,50
Core_Fi_V3.sol,,301,Random,false,0.75,2,4,0.5,15,22,0.6818181818181818,7,8,0.875,0,0,0,1800.8959999084473,377,50
BirdOracle.sol,,661,DynaMOSA,false,0.6153846153846154,14,28,0.5,43,66,0.6515151515151515,9,9,1,0,2,0,1846.7860000133514,42,112
Liquidity_v8.sol,,270,DynaMOSA,false,0.3877551020408163,2,18,0.1111111111111111,34,126,0.2698412698412698,18,33,0.5454545454545454,14,48,0.2916666666666667,1736.87700009346,25,112
Final.sol,,232,DynaMOSA,false,0.20634920634920634,6,26,0.23076923076923078,28,105,0.26666666666666666,7,37,0.1891891891891892,9,40,0.225,1721.2999999523163,21,112
Cryptoz.sol,,18,DynaMOSA,false,0.49019607843137253,2,18,0.1111111111111111,46,155,0.2967741935483871,22,34,0.6470588235294118,27,74,0.36486486486486486,1683.3129999637604,10,118
BACMARSLPTOKENPool.sol,,434,DynaMOSA,false,0.5333333333333333,4,12,0.3333333333333333,49,94,0.5212765957446809,24,36,0.6666666666666666,16,30,0.5333333333333333,1791.8420000076294,27,118
AavePoolReward.sol,,759,DynaMOSA,false,0.7142857142857143,5,10,0.5,27,44,0.6136363636363636,11,12,0.9166666666666666,6,6,1,1810.8410000801086,27,118
FairStockEquity.sol,,631,Random,false,0.78125,1,6,0.16666666666666666,57,120,0.475,26,28,0.9285714285714286,28,48,0.5833333333333334,1805.6100001335144,216,62
GardenContractV2.sol,,647,Random,false,0.32978723404255317,7,62,0.11290322580645161,48,197,0.2436548223350254,24,32,0.75,0,22,0,1804.7059998512268,231,62
Fomp.sol,,771,Random,false,0.6511627906976745,8,24,0.3333333333333333,65,92,0.7065217391304348,19,19,1,17,20,0.85,1804.2149999141693,412,62
CourtFarming_RoomLPStake.sol,,623,DynaMOSA,true,0.625,13,32,0.40625,73,108,0.6759259259259259,20,20,1,4,4,1,1772.228000164032,27,15
Baz.sol,,587,DynaMOSA,true,0.6,6,8,0.75,12,16,0.75,2,2,1,0,0,0,1777.9319999217987,28,15
ANRXToken.sol,,346,DynaMOSA,true,0.5641025641025641,6,12,0.5,34,44,0.7727272727272727,11,11,1,13,16,0.8125,1844.4900000095367,25,15
DJCoin.sol,,966,Random,false,0.8275862068965517,3,6,0.5,69,91,0.7582417582417582,22,25,0.88,18,28,0.6428571428571429,1802.6960000991821,301,68
DmmControllerV2.sol,,416,Random,false,0.34285714285714286,0,14,0,80,258,0.31007751937984496,40,111,0.36036036036036034,16,102,0.1568627450980392,1808.8090000152588,91,68
DatrixoEquityToken.sol,,712,Random,false,0.6388888888888888,8,22,0.36363636363636365,46,62,0.7419354838709677,14,16,0.875,25,28,0.8928571428571429,1801.8129999637604,454,68
FreakCoin.sol,,254,Random,false,0.782608695652174,5,10,0.5,56,74,0.7567567567567568,13,13,1,9,10,0.9,1805.7050001621246,342,86
CourtFarming_HTStake.sol,,784,Random,false,0.6153846153846154,12,32,0.375,73,109,0.6697247706422018,20,20,1,4,4,1,1803.0460000038147,286,86
BancorV2_ZapIn_General_V1_1.sol,,11,Random,false,0.2962962962962963,1,18,0.05555555555555555,30,118,0.2542372881355932,19,39,0.48717948717948717,8,42,0.19047619047619047,1800.5879998207092,222,86
AavePoolReward.sol,,587,DynaMOSA,true,0.7407407407407407,5,10,0.5,27,44,0.6136363636363636,11,12,0.9166666666666666,6,6,1,1845.0230000019073,27,120
Cryptoz.sol,,787,DynaMOSA,true,0.352,2,18,0.1111111111111111,43,155,0.27741935483870966,22,34,0.6470588235294118,26,74,0.35135135135135137,1721.5120000839233,10,120
BACMARSLPTOKENPool.sol,,584,DynaMOSA,true,0.5066666666666667,4,12,0.3333333333333333,49,94,0.5212765957446809,24,36,0.6666666666666666,16,30,0.5333333333333333,1748.4290001392365,26,120
Core_Fi_V3.sol,,372,DynaMOSA,false,0.8333333333333334,2,4,0.5,15,22,0.6818181818181818,7,8,0.875,0,0,0,1807.3570001125336,32,49
DMONDETHRewards.sol,,553,DynaMOSA,false,0.7017543859649122,7,14,0.5,67,105,0.638095238095238,37,47,0.7872340425531915,19,34,0.5588235294117647,1767.2519998550415,25,49
DSP.sol,,340,DynaMOSA,false,0.6973684210526315,5,18,0.2777777777777778,104,154,0.6753246753246753,53,64,0.828125,44,60,0.7333333333333333,1746.8220000267029,18,49
Controller.sol,,44,DynaMOSA,false,0.7037037037037037,0,8,0,38,70,0.5428571428571428,19,19,1,32,34,0.9411764705882353,1766.2480001449585,29,34
BAE.sol,,346,DynaMOSA,false,0.35714285714285715,0,6,0,9,50,0.18,5,8,0.625,12,36,0.3333333333333333,1776.5590000152588,15,34
BTCParamV2.sol,,897,DynaMOSA,false,0.19230769230769232,0,12,0,16,56,0.2857142857142857,5,16,0.3125,6,14,0.42857142857142855,1759.4399998188019,36,34
CourtFarming_RoomLPStake.sol,,345,DynaMOSA,false,0.6153846153846154,12,32,0.375,73,108,0.6759259259259259,20,20,1,4,4,1,1785.380000114441,27,43
ANRXToken.sol,,546,DynaMOSA,false,0.4782608695652174,6,12,0.5,34,44,0.7727272727272727,11,11,1,13,16,0.8125,1835.2469999790192,25,43
Baz.sol,,120,DynaMOSA,false,0.6,6,8,0.75,12,16,0.75,2,2,1,0,0,0,1858.3170001506805,27,43
FrogDAOGovernanceRewards.sol,,791,Random,false,0.7391304347826086,5,10,0.5,28,56,0.5,13,16,0.8125,6,16,0.375,1809.7569999694824,304,101
EqFinanceStaking.sol,,505,Random,false,0.3877551020408163,4,20,0.2,24,88,0.2727272727272727,16,30,0.5333333333333333,7,22,0.3181818181818182,1800.5579998493195,382,101
PRDZstakingV2.sol,,999,Random,false,0.46875,5,26,0.19230769230769232,53,136,0.3897058823529412,26,39,0.6666666666666666,7,18,0.3888888888888889,1803.6399998664856,306,101
BAE.sol,,311,Random,false,0.35714285714285715,0,6,0,9,50,0.18,5,8,0.625,12,36,0.3333333333333333,1804.78400015831,173,95
BTCParamV2.sol,,825,Random,false,0.19230769230769232,0,12,0,16,56,0.2857142857142857,5,16,0.3125,6,14,0.42857142857142855,1802.420000076294,417,95
Controller.sol,,243,Random,false,0.7037037037037037,0,8,0,38,70,0.5428571428571428,19,19,1,32,34,0.9411764705882353,1801.8799998760223,330,95
EqFinanceStaking.sol,,312,Random,false,0.3877551020408163,4,20,0.2,24,88,0.2727272727272727,16,30,0.5333333333333333,7,22,0.3181818181818182,1806.8229999542236,374,71
FrogDAOGovernanceRewards.sol,,367,Random,false,0.7391304347826086,5,10,0.5,31,56,0.5535714285714286,13,16,0.8125,10,16,0.625,1804.0240001678467,296,71
PRDZstakingV2.sol,,460,Random,false,0.46875,5,26,0.19230769230769232,53,136,0.3897058823529412,26,39,0.6666666666666666,7,18,0.3888888888888889,1806.7560000419617,292,71
GardenContractV2.sol,,143,Random,false,0.32978723404255317,8,62,0.12903225806451613,51,197,0.25888324873096447,25,32,0.78125,0,22,0,1802.6150000095367,230,2
Fomp.sol,,814,Random,false,0.6511627906976745,9,24,0.375,66,92,0.717391304347826,19,19,1,17,20,0.85,1802.704999923706,397,2
FairStockEquity.sol,,112,Random,false,0.78125,1,6,0.16666666666666666,58,120,0.48333333333333334,26,28,0.9285714285714286,29,48,0.6041666666666666,1805.5769999027252,213,2
DMONDETHRewards.sol,,323,DynaMOSA,false,0.7017543859649122,7,14,0.5,67,105,0.638095238095238,37,47,0.7872340425531915,19,34,0.5588235294117647,1751.3670001029968,25,139
DSP.sol,,209,DynaMOSA,false,0.7105263157894737,5,18,0.2777777777777778,105,154,0.6818181818181818,55,64,0.859375,47,60,0.7833333333333333,1731.736999988556,18,139
Core_Fi_V3.sol,,667,DynaMOSA,false,0.8333333333333334,2,4,0.5,15,22,0.6818181818181818,7,8,0.875,0,0,0,1809.2469999790192,29,139
BlueICE.sol,,111,Random,false,0.6666666666666666,7,14,0.5,67,117,0.5726495726495726,31,43,0.7209302325581395,20,38,0.5263157894736842,1807.5380001068115,293,8
DJCoin.sol,,321,Random,false,0.8275862068965517,3,6,0.5,69,91,0.7582417582417582,22,25,0.88,18,28,0.6428571428571429,1803.6259999275208,287,8
DatrixoEquityToken.sol,,670,Random,false,0.6388888888888888,8,22,0.36363636363636365,46,62,0.7419354838709677,14,16,0.875,25,28,0.8928571428571429,1802.319000005722,472,8
Liquidity_v8.sol,,8,DynaMOSA,true,0.32989690721649484,2,18,0.1111111111111111,34,126,0.2698412698412698,18,33,0.5454545454545454,14,48,0.2916666666666667,1724.3099999427795,24,144
Final.sol,,190,DynaMOSA,true,0.17475728155339806,6,26,0.23076923076923078,28,105,0.26666666666666666,7,37,0.1891891891891892,9,40,0.225,1789.4920001029968,22,144
BirdOracle.sol,,243,DynaMOSA,true,0.5853658536585366,15,28,0.5357142857142857,44,66,0.6666666666666666,9,9,1,0,2,0,1801.0360000133514,40,144
Baz.sol,,366,DynaMOSA,false,0.6,4,8,0.5,9,16,0.5625,2,2,1,0,0,0,1770.2170000076294,31,133
ANRXToken.sol,,889,DynaMOSA,false,0.4782608695652174,6,12,0.5,34,44,0.7727272727272727,11,11,1,13,16,0.8125,1779.7170000076294,25,133
CourtFarming_RoomLPStake.sol,,651,DynaMOSA,false,0.6153846153846154,12,32,0.375,73,108,0.6759259259259259,20,20,1,4,4,1,1781.9189999103546,26,133
CourtFarming_RoomLPStake.sol,,390,DynaMOSA,true,0.6071428571428571,12,32,0.375,73,108,0.6759259259259259,20,20,1,4,4,1,1752,26,75
Baz.sol,,387,DynaMOSA,true,0.6,4,8,0.5,9,16,0.5625,2,2,1,0,0,0,1821.619999885559,33,75
ANRXToken.sol,,659,DynaMOSA,true,0.6153846153846154,6,12,0.5,35,44,0.7954545454545454,11,11,1,15,16,0.9375,1867.901999950409,26,75
GardenContractV2.sol,,589,DynaMOSA,false,0.30851063829787234,7,62,0.11290322580645161,49,197,0.24873096446700507,23,32,0.71875,0,22,0,1757.760999917984,21,91
FairStockEquity.sol,,540,DynaMOSA,false,0.71875,1,6,0.16666666666666666,53,120,0.44166666666666665,24,28,0.8571428571428571,21,48,0.4375,1802.2200000286102,19,91
Fomp.sol,,264,DynaMOSA,false,0.6511627906976745,9,24,0.375,66,92,0.717391304347826,19,19,1,15,20,0.75,1819.7149999141693,36,91
DMONDETHRewards.sol,,457,Random,false,0.7017543859649122,7,14,0.5,67,105,0.638095238095238,37,47,0.7872340425531915,19,34,0.5588235294117647,1801.875,278,140
DSP.sol,,844,Random,false,0.6973684210526315,4,18,0.2222222222222222,104,154,0.6753246753246753,55,64,0.859375,47,60,0.7833333333333333,1803.5190000534058,222,140
Core_Fi_V3.sol,,550,Random,false,0.75,2,4,0.5,15,22,0.6818181818181818,7,8,0.875,0,0,0,1801.8210000991821,371,140
Dynamic.sol,,221,Random,false,0.75,1,2,0.5,3,4,0.75,2,2,1,0,0,0,1804.7060000896454,444,137
AntiBaseProtocol.sol,,40,Random,false,0.7708333333333334,3,8,0.375,85,98,0.8673469387755102,39,42,0.9285714285714286,24,26,0.9230769230769231,1803.156000137329,309,137
Cover_ZapIn_General_V1.sol,,472,Random,false,0.34545454545454546,2,16,0.125,39,129,0.3023255813953488,22,42,0.5238095238095238,13,44,0.29545454545454547,1807.5540001392365,199,137
BTCParamV2.sol,,625,DynaMOSA,true,0.25,0,12,0,16,56,0.2857142857142857,5,16,0.3125,6,14,0.42857142857142855,1738.1960000991821,36,6
BAE.sol,,153,DynaMOSA,true,0.28,0,6,0,9,50,0.18,5,8,0.625,12,36,0.3333333333333333,1745.3389999866486,15,6
Controller.sol,,568,DynaMOSA,true,0.5573770491803278,0,8,0,38,70,0.5428571428571428,19,19,1,32,34,0.9411764705882353,1779.9530000686646,30,6
AavePoolReward.sol,,630,DynaMOSA,true,0.7407407407407407,5,10,0.5,27,44,0.6136363636363636,11,12,0.9166666666666666,6,6,1,1777.8320000171661,26,30
BACMARSLPTOKENPool.sol,,323,DynaMOSA,true,0.52,6,12,0.5,52,94,0.5531914893617021,25,36,0.6944444444444444,17,30,0.5666666666666667,1767.739000082016,26,30
Cryptoz.sol,,430,DynaMOSA,true,0.36,2,18,0.1111111111111111,46,155,0.2967741935483871,22,34,0.6470588235294118,28,74,0.3783783783783784,1661.5830001831055,10,30
AntiBaseProtocol.sol,,326,Random,false,0.7708333333333334,3,8,0.375,85,98,0.8673469387755102,39,42,0.9285714285714286,24,26,0.9230769230769231,1805.25200009346,323,47
Dynamic.sol,,111,Random,false,0.75,1,2,0.5,3,4,0.75,2,2,1,0,0,0,1801.7909998893738,436,47
Cover_ZapIn_General_V1.sol,,903,Random,false,0.34545454545454546,2,16,0.125,39,129,0.3023255813953488,22,42,0.5238095238095238,13,44,0.29545454545454547,1800.0080001354218,199,47
Baz.sol,,416,DynaMOSA,true,0.6,6,8,0.75,12,16,0.75,2,2,1,0,0,0,1788.819000005722,29,105
CourtFarming_RoomLPStake.sol,,52,DynaMOSA,true,0.6071428571428571,12,32,0.375,73,108,0.6759259259259259,20,20,1,4,4,1,1726.3320000171661,27,105
ANRXToken.sol,,733,DynaMOSA,true,0.5641025641025641,6,12,0.5,34,44,0.7727272727272727,11,11,1,13,16,0.8125,1813.5169999599457,25,105
Liquidity_v8.sol,,678,DynaMOSA,false,0.3877551020408163,2,18,0.1111111111111111,34,126,0.2698412698412698,18,33,0.5454545454545454,14,48,0.2916666666666667,1789.0659999847412,25,82
BirdOracle.sol,,946,DynaMOSA,false,0.6153846153846154,12,28,0.42857142857142855,41,66,0.6212121212121212,9,9,1,0,2,0,1791.983999967575,37,82
Final.sol,,366,DynaMOSA,false,0.20634920634920634,6,26,0.23076923076923078,28,105,0.26666666666666666,7,37,0.1891891891891892,9,40,0.225,1762.3740000724792,21,82
BACMARSLPTOKENPool.sol,,8,DynaMOSA,false,0.5333333333333333,4,12,0.3333333333333333,49,94,0.5212765957446809,24,36,0.6666666666666666,16,30,0.5333333333333333,1761.324000120163,25,88
Cryptoz.sol,,965,DynaMOSA,false,0.43137254901960786,1,18,0.05555555555555555,32,155,0.2064516129032258,21,34,0.6176470588235294,23,74,0.3108108108108108,1681.2579998970032,10,88
AavePoolReward.sol,,309,DynaMOSA,false,0.7142857142857143,5,10,0.5,27,44,0.6136363636363636,11,12,0.9166666666666666,6,6,1,1812.9010000228882,24,88
BTCParamV2.sol,,75,DynaMOSA,true,0.25,0,12,0,16,56,0.2857142857142857,5,16,0.3125,6,14,0.42857142857142855,1768.039999961853,37,66
BAE.sol,,804,DynaMOSA,true,0.28,0,6,0,9,50,0.18,5,8,0.625,12,36,0.3333333333333333,1735.335000038147,15,66
Controller.sol,,433,DynaMOSA,true,0.5573770491803278,0,8,0,38,70,0.5428571428571428,19,19,1,32,34,0.9411764705882353,1757.0770001411438,30,66
EqFinanceStaking.sol,,923,Random,false,0.3877551020408163,4,20,0.2,24,88,0.2727272727272727,16,30,0.5333333333333333,7,22,0.3181818181818182,1808.757000207901,371,11
FrogDAOGovernanceRewards.sol,,261,Random,false,0.7391304347826086,5,10,0.5,32,56,0.5714285714285714,13,16,0.8125,11,16,0.6875,1803.6529998779297,305,11
PRDZstakingV2.sol,,432,Random,false,0.46875,5,26,0.19230769230769232,53,136,0.3897058823529412,26,39,0.6666666666666666,7,18,0.3888888888888889,1804.7250001430511,299,11
BTCParamV2.sol,,156,DynaMOSA,false,0.19230769230769232,0,12,0,16,56,0.2857142857142857,5,16,0.3125,6,14,0.42857142857142855,1771.2489998340607,38,124
Controller.sol,,552,DynaMOSA,false,0.7037037037037037,0,8,0,38,70,0.5428571428571428,19,19,1,32,34,0.9411764705882353,1765.9779999256134,31,124
BAE.sol,,787,DynaMOSA,false,0.35714285714285715,0,6,0,9,50,0.18,5,8,0.625,12,36,0.3333333333333333,1842.9130001068115,16,124
BACMARSLPTOKENPool.sol,,80,Random,false,0.6222222222222222,6,12,0.5,52,94,0.5531914893617021,25,36,0.6944444444444444,17,30,0.5666666666666667,1803.667000055313,305,29
AavePoolReward.sol,,476,Random,false,0.7142857142857143,5,10,0.5,27,44,0.6136363636363636,11,12,0.9166666666666666,6,6,1,1803.8020000457764,302,29
Cryptoz.sol,,369,Random,false,0.47058823529411764,2,18,0.1111111111111111,47,155,0.3032258064516129,23,34,0.6764705882352942,28,74,0.3783783783783784,1805.0750000476837,122,29
BirdOracle.sol,,374,Random,false,0.6153846153846154,14,28,0.5,43,66,0.6515151515151515,9,9,1,0,2,0,1800.49799990654,442,23
Final.sol,,388,Random,false,0.19047619047619047,5,26,0.19230769230769232,28,105,0.26666666666666666,7,37,0.1891891891891892,9,40,0.225,1800.3920001983643,246,23
Liquidity_v8.sol,,783,Random,false,0.3877551020408163,2,18,0.1111111111111111,34,126,0.2698412698412698,18,33,0.5454545454545454,14,48,0.2916666666666667,1802.8209998607635,273,23
Liquidity_v8.sol,,338,DynaMOSA,true,0.32989690721649484,2,18,0.1111111111111111,34,126,0.2698412698412698,18,33,0.5454545454545454,14,48,0.2916666666666667,1776.7240002155304,24,54
Final.sol,,367,DynaMOSA,true,0.1650485436893204,5,26,0.19230769230769232,28,105,0.26666666666666666,7,37,0.1891891891891892,9,40,0.225,1737.2819998264313,22,54
BirdOracle.sol,,550,DynaMOSA,true,0.5853658536585366,15,28,0.5357142857142857,44,66,0.6666666666666666,9,9,1,0,2,0,1852.837000131607,39,54
BancorV2_ZapIn_General_V1_1.sol,,762,Random,false,0.2962962962962963,1,18,0.05555555555555555,30,118,0.2542372881355932,19,39,0.48717948717948717,8,42,0.19047619047619047,1807.8149998188019,223,116
CourtFarming_HTStake.sol,,47,Random,false,0.6153846153846154,12,32,0.375,73,109,0.6697247706422018,20,20,1,4,4,1,1801.4059998989105,287,116
FreakCoin.sol,,513,Random,false,0.782608695652174,5,10,0.5,56,74,0.7567567567567568,13,13,1,9,10,0.9,1807.2689998149872,348,116
Core_Fi_V3.sol,,202,DynaMOSA,true,0.75,2,4,0.5,15,22,0.6818181818181818,7,8,0.875,0,0,0,1838.0410001277924,28,111
DSP.sol,,732,DynaMOSA,true,0.7058823529411765,5,18,0.2777777777777778,103,154,0.6688311688311688,54,64,0.84375,45,60,0.75,1813.4379999637604,20,111
DMONDETHRewards.sol,,643,DynaMOSA,true,0.6043956043956044,7,14,0.5,67,105,0.638095238095238,37,47,0.7872340425531915,19,34,0.5588235294117647,1755.1340000629425,24,111
GFC.sol,,215,Random,false,1,1,2,0.5,27,37,0.7297297297297297,8,8,1,10,14,0.7142857142857143,1800.5139999389648,307,59
BACMARSLPTOKENPool.sol,,929,Random,false,0.6222222222222222,6,12,0.5,52,94,0.5531914893617021,25,36,0.6944444444444444,17,30,0.5666666666666667,1801.7539999485016,309,59
AavePoolReward.sol,,44,Random,false,0.7142857142857143,5,10,0.5,27,44,0.6136363636363636,11,12,0.9166666666666666,6,6,1,1803.3440001010895,295,59
BirdOracle.sol,,126,Random,false,0.6153846153846154,14,28,0.5,43,66,0.6515151515151515,9,9,1,0,2,0,1802.4320001602173,450,53
Liquidity_v8.sol,,294,Random,false,0.3877551020408163,2,18,0.1111111111111111,34,126,0.2698412698412698,18,33,0.5454545454545454,14,48,0.2916666666666667,1801.566999912262,271,53
Final.sol,,602,Random,false,0.20634920634920634,6,26,0.23076923076923078,28,105,0.26666666666666666,7,37,0.1891891891891892,9,40,0.225,1801.5789999961853,235,53
Final.sol,,392,DynaMOSA,true,0.17475728155339806,6,26,0.23076923076923078,28,105,0.26666666666666666,7,37,0.1891891891891892,9,40,0.225,1797.8599998950958,21,24
BirdOracle.sol,,760,DynaMOSA,true,0.5853658536585366,14,28,0.5,43,66,0.6515151515151515,9,9,1,0,2,0,1788.1180000305176,40,24
Liquidity_v8.sol,,165,DynaMOSA,true,0.32989690721649484,2,18,0.1111111111111111,34,126,0.2698412698412698,18,33,0.5454545454545454,14,48,0.2916666666666667,1731.6129999160767,25,24
BlueICE.sol,,526,DynaMOSA,true,0.5869565217391305,7,14,0.5,67,117,0.5726495726495726,31,43,0.7209302325581395,20,38,0.5263157894736842,1853.8170001506805,27,129
DJCoin.sol,,446,DynaMOSA,true,0.7017543859649122,3,6,0.5,69,91,0.7582417582417582,22,25,0.88,18,28,0.6428571428571429,1832.1440000534058,23,129
DatrixoEquityToken.sol,,983,DynaMOSA,true,0.53125,5,22,0.22727272727272727,34,62,0.5483870967741935,13,16,0.8125,21,28,0.75,1767.3850002288818,38,129
FairStockEquity.sol,,619,DynaMOSA,true,0.475,1,6,0.16666666666666666,54,120,0.45,24,28,0.8571428571428571,22,48,0.4583333333333333,1816.760999917984,19,123
GreenMarkTrust.sol,,269,DynaMOSA,true,0.7916666666666666,1,2,0.5,28,37,0.7567567567567568,8,8,1,12,14,0.8571428571428571,1799.8769998550415,36,123
Fomp.sol,,980,DynaMOSA,true,0.6666666666666666,9,24,0.375,68,92,0.7391304347826086,19,19,1,15,20,0.75,1767.7379999160767,34,123
CourtFarming_HTStake.sol,,169,DynaMOSA,false,0.6346153846153846,12,32,0.375,73,109,0.6697247706422018,20,20,1,4,4,1,1787.8789999485016,26,85
BancorV2_ZapIn_General_V1_1.sol,,138,DynaMOSA,false,0.2962962962962963,1,18,0.05555555555555555,30,118,0.2542372881355932,19,39,0.48717948717948717,8,42,0.19047619047619047,1750.0590000152588,19,85
FreakCoin.sol,,30,DynaMOSA,false,0.5652173913043478,5,10,0.5,56,74,0.7567567567567568,13,13,1,9,10,0.9,1803.9870002269745,28,85
AntiBaseProtocol.sol,,932,DynaMOSA,false,0.7708333333333334,3,8,0.375,84,98,0.8571428571428571,39,42,0.9285714285714286,24,26,0.9230769230769231,1870.0429999828339,23,16
Dynamic.sol,,303,DynaMOSA,false,0.75,1,2,0.5,3,4,0.75,2,2,1,0,0,0,1784.0329999923706,39,16
Cover_ZapIn_General_V1.sol,,770,DynaMOSA,false,0.34545454545454546,2,16,0.125,39,129,0.3023255813953488,22,42,0.5238095238095238,13,44,0.29545454545454547,1825.9249999523163,18,16
FairStockEquity.sol,,714,DynaMOSA,false,0.78125,1,6,0.16666666666666666,58,120,0.48333333333333334,26,28,0.9285714285714286,29,48,0.6041666666666666,1850.1879999637604,19,61
Fomp.sol,,186,DynaMOSA,false,0.6511627906976745,8,24,0.3333333333333333,64,92,0.6956521739130435,19,19,1,15,20,0.75,1811.8559999465942,33,61
EqFinanceStaking.sol,,463,DynaMOSA,true,0.4084507042253521,4,20,0.2,33,88,0.375,18,30,0.6,10,22,0.45454545454545453,1814.3339998722076,33,102
PRDZstakingV2.sol,,564,DynaMOSA,true,0.45121951219512196,5,26,0.19230769230769232,58,136,0.4264705882352941,27,39,0.6923076923076923,8,18,0.4444444444444444,1807.375,27,102
FrogDAOGovernanceRewards.sol,,319,DynaMOSA,true,0.5384615384615384,5,10,0.5,28,56,0.5,13,16,0.8125,6,16,0.375,1735.7309999465942,27,102
AntiBaseProtocol.sol,,926,DynaMOSA,true,0.7567567567567568,3,8,0.375,85,98,0.8673469387755102,39,42,0.9285714285714286,24,26,0.9230769230769231,1871.691999912262,25,108
Cover_ZapIn_General_V1.sol,,787,DynaMOSA,true,0.26262626262626265,2,16,0.125,39,129,0.3023255813953488,22,42,0.5238095238095238,13,44,0.29545454545454547,1838.9089999198914,18,108
Dynamic.sol,,290,DynaMOSA,true,0.75,1,2,0.5,3,4,0.75,2,2,1,0,0,0,1786.906000137329,39,108
PRDZstakingV2.sol,,679,DynaMOSA,false,0.46875,5,26,0.19230769230769232,53,136,0.3897058823529412,26,39,0.6666666666666666,7,18,0.3888888888888889,1776.255999803543,26,40
EqFinanceStaking.sol,,221,DynaMOSA,false,0.3877551020408163,4,20,0.2,24,88,0.2727272727272727,16,30,0.5333333333333333,7,22,0.3181818181818182,1792.3259999752045,33,40
FrogDAOGovernanceRewards.sol,,537,DynaMOSA,false,0.6521739130434783,5,10,0.5,27,56,0.48214285714285715,13,16,0.8125,5,16,0.3125,1753.5520000457764,27,40
DatrixoEquityToken.sol,,380,DynaMOSA,false,0.6388888888888888,8,22,0.36363636363636365,46,62,0.7419354838709677,14,16,0.875,25,28,0.8928571428571429,1769.401999950409,38,37
DJCoin.sol,,381,DynaMOSA,false,0.8275862068965517,3,6,0.5,69,91,0.7582417582417582,22,25,0.88,18,28,0.6428571428571429,1803.0920000076294,24,37
BlueICE.sol,,897,DynaMOSA,false,0.6666666666666666,7,14,0.5,67,117,0.5726495726495726,31,43,0.7209302325581395,20,38,0.5263157894736842,1775.5319998264313,25,37
FrogDAOGovernanceRewards.sol,,230,DynaMOSA,false,0.6521739130434783,5,10,0.5,32,56,0.5714285714285714,13,16,0.8125,11,16,0.6875,1720.4589998722076,26,130
PRDZstakingV2.sol,,889,DynaMOSA,false,0.46875,5,26,0.19230769230769232,53,136,0.3897058823529412,26,39,0.6666666666666666,7,18,0.3888888888888889,1748.5500001907349,27,130
EqFinanceStaking.sol,,544,DynaMOSA,false,0.3877551020408163,4,20,0.2,24,88,0.2727272727272727,16,30,0.5333333333333333,7,22,0.3181818181818182,1765.9360001087189,32,130
CourtFarming_HTStake.sol,,571,DynaMOSA,true,0.6071428571428571,12,32,0.375,73,109,0.6697247706422018,20,20,1,4,4,1,1754.1949999332428,26,147
BancorV2_ZapIn_General_V1_1.sol,,669,DynaMOSA,true,0.22916666666666666,1,18,0.05555555555555555,30,118,0.2542372881355932,19,39,0.48717948717948717,8,42,0.19047619047619047,1758.2179999351501,19,147
FreakCoin.sol,,518,DynaMOSA,true,0.6060606060606061,5,10,0.5,56,74,0.7567567567567568,13,13,1,9,10,0.9,1742.0590000152588,27,147
FairStockEquity.sol,,102,DynaMOSA,false,0.71875,1,6,0.16666666666666666,53,120,0.44166666666666665,24,28,0.8571428571428571,21,48,0.4375,1754.7109999656677,18,1
GardenContractV2.sol,,594,DynaMOSA,false,0.3191489361702128,7,62,0.11290322580645161,49,197,0.24873096446700507,24,32,0.75,0,22,0,1811.1289999485016,21,1
Fomp.sol,,668,DynaMOSA,false,0.6511627906976745,9,24,0.375,65,92,0.7065217391304348,19,19,1,15,20,0.75,1824.210000038147,35,1
FrogDAOGovernanceRewards.sol,,322,DynaMOSA,true,0.46153846153846156,5,10,0.5,27,56,0.48214285714285715,13,16,0.8125,5,16,0.3125,1795.0620000362396,27,72
PRDZstakingV2.sol,,349,DynaMOSA,true,0.4268292682926829,5,26,0.19230769230769232,53,136,0.3897058823529412,26,39,0.6666666666666666,7,18,0.3888888888888889,1741.401999950409,27,72
EqFinanceStaking.sol,,747,DynaMOSA,true,0.352112676056338,4,20,0.2,24,88,0.2727272727272727,16,30,0.5333333333333333,7,22,0.3181818181818182,1841.244999885559,33,72
Controller.sol,,255,DynaMOSA,true,0.5573770491803278,0,8,0,38,70,0.5428571428571428,19,19,1,32,34,0.9411764705882353,1786.1890001296997,31,96
BAE.sol,,201,DynaMOSA,true,0.28,0,6,0,9,50,0.18,5,8,0.625,12,36,0.3333333333333333,1868.045000076294,16,96
BTCParamV2.sol,,965,DynaMOSA,true,0.25,0,12,0,16,56,0.2857142857142857,5,16,0.3125,6,14,0.42857142857142855,1821.9840002059937,36,96
Cover_ZapIn_General_V1.sol,,902,DynaMOSA,true,0.26262626262626265,2,16,0.125,39,129,0.3023255813953488,22,42,0.5238095238095238,13,44,0.29545454545454547,1750.2760000228882,17,78
AntiBaseProtocol.sol,,806,DynaMOSA,true,0.7567567567567568,3,8,0.375,84,98,0.8571428571428571,39,42,0.9285714285714286,24,26,0.9230769230769231,1829.5169999599457,24,78
Dynamic.sol,,263,DynaMOSA,true,0.75,1,2,0.5,3,4,0.75,2,2,1,0,0,0,1767.436999797821,39,78
FrogDAOGovernanceRewards.sol,,618,DynaMOSA,true,0.5897435897435898,5,10,0.5,30,56,0.5357142857142857,13,16,0.8125,8,16,0.5,1740.710000038147,27,42
EqFinanceStaking.sol,,385,DynaMOSA,true,0.4084507042253521,4,20,0.2,33,88,0.375,18,30,0.6,10,22,0.45454545454545453,1799.2190001010895,34,42
PRDZstakingV2.sol,,878,DynaMOSA,true,0.4268292682926829,5,26,0.19230769230769232,53,136,0.3897058823529412,26,39,0.6666666666666666,7,18,0.3888888888888889,1767.2749998569489,27,42
BTCParamV2.sol,,741,Random,false,0.19230769230769232,0,12,0,16,56,0.2857142857142857,5,16,0.3125,6,14,0.42857142857142855,1806.1330001354218,429,35
Controller.sol,,374,Random,false,0.7037037037037037,0,8,0,38,70,0.5428571428571428,19,19,1,32,34,0.9411764705882353,1801.6319999694824,335,35
BAE.sol,,520,Random,false,0.35714285714285715,0,6,0,9,50,0.18,5,8,0.625,12,36,0.3333333333333333,1804.6669998168945,176,35
Dynamic.sol,,20,DynaMOSA,true,0.75,1,2,0.5,3,4,0.75,2,2,1,0,0,0,1803.3789999485016,40,48
Cover_ZapIn_General_V1.sol,,766,DynaMOSA,true,0.26262626262626265,2,16,0.125,39,129,0.3023255813953488,22,42,0.5238095238095238,13,44,0.29545454545454547,1752.6260001659393,17,48
AntiBaseProtocol.sol,,646,DynaMOSA,true,0.7567567567567568,3,8,0.375,84,98,0.8571428571428571,39,42,0.9285714285714286,24,26,0.9230769230769231,1853.702999830246,24,48
PRDZstakingV2.sol,,615,DynaMOSA,false,0.46875,5,26,0.19230769230769232,53,136,0.3897058823529412,26,39,0.6666666666666666,7,18,0.3888888888888889,1758.3980000019073,27,100
EqFinanceStaking.sol,,291,DynaMOSA,false,0.3877551020408163,4,20,0.2,24,88,0.2727272727272727,16,30,0.5333333333333333,7,22,0.3181818181818182,1767.023999929428,33,100
FrogDAOGovernanceRewards.sol,,578,DynaMOSA,false,0.6521739130434783,5,10,0.5,29,56,0.5178571428571429,13,16,0.8125,7,16,0.4375,1779.3140001296997,27,100
PRDZstakingV2.sol,,709,DynaMOSA,false,0.46875,5,26,0.19230769230769232,53,136,0.3897058823529412,26,39,0.6666666666666666,7,18,0.3888888888888889,1729.358999967575,28,70
FrogDAOGovernanceRewards.sol,,656,DynaMOSA,false,0.6521739130434783,4,10,0.4,24,56,0.42857142857142855,12,16,0.75,5,16,0.3125,1737.819000005722,27,70
EqFinanceStaking.sol,,618,DynaMOSA,false,0.3877551020408163,4,20,0.2,24,88,0.2727272727272727,16,30,0.5333333333333333,7,22,0.3181818181818182,1798.2649998664856,33,70
BAE.sol,,546,DynaMOSA,false,0.35714285714285715,0,6,0,9,50,0.18,5,8,0.625,12,36,0.3333333333333333,1867.2919998168945,16,94
BTCParamV2.sol,,983,DynaMOSA,false,0.19230769230769232,0,12,0,16,56,0.2857142857142857,5,16,0.3125,6,14,0.42857142857142855,1760.805999994278,36,94
Controller.sol,,526,DynaMOSA,false,0.7037037037037037,0,8,0,38,70,0.5428571428571428,19,19,1,32,34,0.9411764705882353,1778.340000152588,31,94
DJCoin.sol,,404,DynaMOSA,true,0.7017543859649122,3,6,0.5,69,91,0.7582417582417582,22,25,0.88,18,28,0.6428571428571429,1756.4539999961853,24,9
BlueICE.sol,,648,DynaMOSA,true,0.5869565217391305,7,14,0.5,67,117,0.5726495726495726,31,43,0.7209302325581395,20,38,0.5263157894736842,1778.1890001296997,25,9
DatrixoEquityToken.sol,,783,DynaMOSA,true,0.6875,8,22,0.36363636363636365,46,62,0.7419354838709677,14,16,0.875,25,28,0.8928571428571429,1801.1760001182556,37,9
PRDZstakingV2.sol,,265,DynaMOSA,true,0.4268292682926829,5,26,0.19230769230769232,53,136,0.3897058823529412,26,39,0.6666666666666666,7,18,0.3888888888888889,1804.3049998283386,28,132
EqFinanceStaking.sol,,813,DynaMOSA,true,0.4084507042253521,4,20,0.2,33,88,0.375,18,30,0.6,10,22,0.45454545454545453,1823.7349998950958,34,132
FrogDAOGovernanceRewards.sol,,103,DynaMOSA,true,0.5897435897435898,5,10,0.5,30,56,0.5357142857142857,13,16,0.8125,8,16,0.5,1759.0729999542236,28,132
BancorV2_ZapIn_General_V1_1.sol,,229,DynaMOSA,false,0.2962962962962963,1,18,0.05555555555555555,30,118,0.2542372881355932,19,39,0.48717948717948717,8,42,0.19047619047619047,1846.1510000228882,20,145
CourtFarming_HTStake.sol,,908,DynaMOSA,false,0.6346153846153846,12,32,0.375,73,109,0.6697247706422018,20,20,1,4,4,1,1741.8100001811981,25,145
FreakCoin.sol,,36,DynaMOSA,false,0.5652173913043478,5,10,0.5,56,74,0.7567567567567568,13,13,1,9,10,0.9,1778.289999961853,30,145
FairStockEquity.sol,,166,DynaMOSA,true,0.475,1,6,0.16666666666666666,54,120,0.45,24,28,0.8571428571428571,22,48,0.4583333333333333,1820.7489998340607,19,3
GreenMarkTrust.sol,,503,DynaMOSA,true,0.7916666666666666,1,2,0.5,28,37,0.7567567567567568,8,8,1,12,14,0.8571428571428571,1770.0679998397827,33,3
Fomp.sol,,771,DynaMOSA,true,0.6666666666666666,8,24,0.3333333333333333,64,92,0.6956521739130435,19,19,1,15,20,0.75,1765.9930000305176,33,3
Dynamic.sol,,175,DynaMOSA,true,0.75,1,2,0.5,3,4,0.75,2,2,1,0,0,0,1804.4400000572205,39,138
Cover_ZapIn_General_V1.sol,,163,DynaMOSA,true,0.26262626262626265,2,16,0.125,39,129,0.3023255813953488,22,42,0.5238095238095238,13,44,0.29545454545454547,1828.5360000133514,18,138
AntiBaseProtocol.sol,,411,DynaMOSA,true,0.7567567567567568,3,8,0.375,85,98,0.8673469387755102,39,42,0.9285714285714286,24,26,0.9230769230769231,1785.566999912262,23,138
Core_Fi_V3.sol,,580,DynaMOSA,true,0.75,2,4,0.5,15,22,0.6818181818181818,7,8,0.875,0,0,0,1815.3980000019073,29,51
DMONDETHRewards.sol,,368,DynaMOSA,true,0.6153846153846154,7,14,0.5,67,105,0.638095238095238,37,47,0.7872340425531915,19,34,0.5588235294117647,1712.707999944687,25,51
DSP.sol,,955,DynaMOSA,true,0.7058823529411765,4,18,0.2222222222222222,103,154,0.6688311688311688,54,64,0.84375,47,60,0.7833333333333333,1716.5190000534058,19,51
CourtFarming_HTStake.sol,,554,Random,false,0.6153846153846154,12,32,0.375,73,109,0.6697247706422018,20,20,1,4,4,1,1805.2590000629425,289,26
FreakCoin.sol,,624,Random,false,0.782608695652174,5,10,0.5,57,74,0.7702702702702703,13,13,1,9,10,0.9,1807.2539999485016,346,26
BancorV2_ZapIn_General_V1_1.sol,,131,Random,false,0.2962962962962963,1,18,0.05555555555555555,30,118,0.2542372881355932,19,39,0.48717948717948717,8,42,0.19047619047619047,1803.0759999752045,220,26
BACMARSLPTOKENPool.sol,,421,Random,false,0.6222222222222222,6,12,0.5,52,94,0.5531914893617021,25,36,0.6944444444444444,17,30,0.5666666666666667,1801.667000055313,306,119
AavePoolReward.sol,,146,Random,false,0.7142857142857143,5,10,0.5,27,44,0.6136363636363636,11,12,0.9166666666666666,6,6,1,1806.3789999485016,299,119
Cryptoz.sol,,154,Random,false,0.49019607843137253,2,18,0.1111111111111111,46,155,0.2967741935483871,22,34,0.6470588235294118,26,74,0.35135135135135137,1815.1970000267029,121,119
Liquidity_v8.sol,,438,Random,false,0.3877551020408163,2,18,0.1111111111111111,34,126,0.2698412698412698,18,33,0.5454545454545454,14,48,0.2916666666666667,1801.029000043869,277,113
BirdOracle.sol,,496,Random,false,0.6153846153846154,14,28,0.5,43,66,0.6515151515151515,9,9,1,0,2,0,1802.6949999332428,442,113
Final.sol,,991,Random,false,0.19047619047619047,5,26,0.19230769230769232,28,105,0.26666666666666666,7,37,0.1891891891891892,9,40,0.225,1809.8630001544952,238,113
BlueICE.sol,,618,DynaMOSA,true,0.5869565217391305,7,14,0.5,67,117,0.5726495726495726,31,43,0.7209302325581395,20,38,0.5263157894736842,1834.143000125885,26,69
DmmControllerV2.sol,,477,DynaMOSA,true,0.2028985507246377,0,14,0,63,258,0.2441860465116279,31,111,0.27927927927927926,17,102,0.16666666666666666,1603.2929999828339,7,69
DJCoin.sol,,538,DynaMOSA,true,0.7192982456140351,4,6,0.6666666666666666,70,91,0.7692307692307693,22,25,0.88,18,28,0.6428571428571429,1738.3689999580383,24,69
FreakCoin.sol,,142,DynaMOSA,true,0.6060606060606061,5,10,0.5,56,74,0.7567567567567568,13,13,1,9,10,0.9,1756.851000070572,29,87
BancorV2_ZapIn_General_V1_1.sol,,251,DynaMOSA,true,0.22916666666666666,1,18,0.05555555555555555,30,118,0.2542372881355932,19,39,0.48717948717948717,8,42,0.19047619047619047,1784.0950000286102,19,87
CourtFarming_HTStake.sol,,544,DynaMOSA,true,0.6071428571428571,12,32,0.375,73,109,0.6697247706422018,20,20,1,4,4,1,1774.845999956131,26,87
Baz.sol,,701,Random,false,0.8,7,8,0.875,14,16,0.875,2,2,1,0,0,0,1804.1850001811981,414,14
ANRXToken.sol,,479,Random,false,0.4782608695652174,6,12,0.5,34,44,0.7727272727272727,11,11,1,13,16,0.8125,1804.9039998054504,263,14
CourtFarming_RoomLPStake.sol,,346,Random,false,0.6153846153846154,11,32,0.34375,69,108,0.6388888888888888,19,20,0.95,2,4,0.5,1803.449000120163,296,14
GreenMarkTrust.sol,,812,DynaMOSA,true,0.7916666666666666,1,2,0.5,28,37,0.7567567567567568,8,8,1,12,14,0.8571428571428571,1788.0529999732971,35,63
Fomp.sol,,558,DynaMOSA,true,0.6507936507936508,8,24,0.3333333333333333,64,92,0.6956521739130435,19,19,1,15,20,0.75,1815.1129999160767,36,63
FairStockEquity.sol,,873,DynaMOSA,true,0.575,1,6,0.16666666666666666,58,120,0.48333333333333334,26,28,0.9285714285714286,29,48,0.6041666666666666,1851.3210000991821,19,63
GreenMarkTrust.sol,,409,DynaMOSA,false,1,1,2,0.5,27,37,0.7297297297297297,8,8,1,10,14,0.7142857142857143,43.617000102996826,1,121
FairStockEquity.sol,,895,DynaMOSA,false,0.71875,1,6,0.16666666666666666,54,120,0.45,23,28,0.8214285714285714,24,48,0.5,1863.1019999980927,19,121
Fomp.sol,,17,DynaMOSA,false,0.6511627906976745,9,24,0.375,60,92,0.6521739130434783,19,19,1,14,20,0.7,1824.625,37,121
BAE.sol,,390,DynaMOSA,true,0.28,0,6,0,9,50,0.18,5,8,0.625,12,36,0.3333333333333333,1749.4079999923706,15,126
BTCParamV2.sol,,888,DynaMOSA,true,0.25,0,12,0,16,56,0.2857142857142857,5,16,0.3125,6,14,0.42857142857142855,1776.6579999923706,36,126
Controller.sol,,834,DynaMOSA,true,0.5573770491803278,0,8,0,38,70,0.5428571428571428,19,19,1,32,34,0.9411764705882353,1730.2690000534058,30,126
DSP.sol,,271,Random,false,0.7105263157894737,5,18,0.2777777777777778,105,154,0.6818181818181818,55,64,0.859375,47,60,0.7833333333333333,1805.9110000133514,229,80
DMONDETHRewards.sol,,707,Random,false,0.7017543859649122,7,14,0.5,67,105,0.638095238095238,37,47,0.7872340425531915,19,34,0.5588235294117647,1802.1060001850128,276,80
Core_Fi_V3.sol,,767,Random,false,0.75,2,4,0.5,15,22,0.6818181818181818,7,8,0.875,0,0,0,1800.62299990654,365,80
DSP.sol,,759,DynaMOSA,false,0.6973684210526315,5,18,0.2777777777777778,103,154,0.6688311688311688,54,64,0.84375,45,60,0.75,1811.2880001068115,19,19
Core_Fi_V3.sol,,731,DynaMOSA,false,0.75,2,4,0.5,15,22,0.6818181818181818,7,8,0.875,0,0,0,1776.1860001087189,30,19
DMONDETHRewards.sol,,791,DynaMOSA,false,0.7017543859649122,7,14,0.5,67,105,0.638095238095238,37,47,0.7872340425531915,19,34,0.5588235294117647,1715.4240000247955,23,19
Controller.sol,,782,DynaMOSA,false,0.7037037037037037,0,8,0,38,70,0.5428571428571428,19,19,1,32,34,0.9411764705882353,1784.7730000019073,31,64
BAE.sol,,155,DynaMOSA,false,0.35714285714285715,0,6,0,9,50,0.18,5,8,0.625,12,36,0.3333333333333333,1744.1829998493195,15,64
BTCParamV2.sol,,188,DynaMOSA,false,0.19230769230769232,0,12,0,16,56,0.2857142857142857,5,16,0.3125,6,14,0.42857142857142855,1827.7940001487732,36,64
CourtFarming_RoomLPStake.sol,,928,DynaMOSA,false,0.6346153846153846,12,32,0.375,73,108,0.6759259259259259,20,20,1,4,4,1,1729.3740000724792,26,13
Baz.sol,,535,DynaMOSA,false,0.6,7,8,0.875,14,16,0.875,2,2,1,0,0,0,1788.3339998722076,34,13
ANRXToken.sol,,896,DynaMOSA,false,0.4782608695652174,6,12,0.5,34,44,0.7727272727272727,11,11,1,13,16,0.8125,1754.1949999332428,24,13
BirdOracle.sol,,520,DynaMOSA,true,0.5853658536585366,14,28,0.5,43,66,0.6515151515151515,9,9,1,0,2,0,1839.3369998931885,38,114
Liquidity_v8.sol,,84,DynaMOSA,true,0.32989690721649484,2,18,0.1111111111111111,34,126,0.2698412698412698,18,33,0.5454545454545454,14,48,0.2916666666666667,1797.5090000629425,24,114
Final.sol,,145,DynaMOSA,true,0.1650485436893204,5,26,0.19230769230769232,28,105,0.26666666666666666,7,37,0.1891891891891892,9,40,0.225,1767.8919999599457,21,114
Core_Fi_V3.sol,,557,DynaMOSA,true,0.8333333333333334,2,4,0.5,15,22,0.6818181818181818,7,8,0.875,0,0,0,1850.569000005722,31,21
DMONDETHRewards.sol,,63,DynaMOSA,true,0.6153846153846154,7,14,0.5,67,105,0.638095238095238,37,47,0.7872340425531915,19,34,0.5588235294117647,1816.8159999847412,24,21
BancorV2_ZapIn_General_V1_1.sol,,618,Random,false,0.2962962962962963,1,18,0.05555555555555555,30,118,0.2542372881355932,19,39,0.48717948717948717,8,42,0.19047619047619047,1802.8280000686646,216,56
FreakCoin.sol,,792,Random,false,0.782608695652174,5,10,0.5,57,74,0.7702702702702703,13,13,1,9,10,0.9,1804.9030001163483,346,56
CourtFarming_HTStake.sol,,576,Random,false,0.6153846153846154,12,32,0.375,73,109,0.6697247706422018,20,20,1,4,4,1,1806.891000032425,294,56
Liquidity_v8.sol,,251,DynaMOSA,false,0.3877551020408163,2,18,0.1111111111111111,34,126,0.2698412698412698,18,33,0.5454545454545454,14,48,0.2916666666666667,1751.4460000991821,24,142
BirdOracle.sol,,915,DynaMOSA,false,0.6153846153846154,15,28,0.5357142857142857,44,66,0.6666666666666666,9,9,1,0,2,0,1818.638000011444,39,142
Final.sol,,384,DynaMOSA,false,0.2222222222222222,7,26,0.2692307692307692,28,105,0.26666666666666666,7,37,0.1891891891891892,9,40,0.225,1820.9939999580383,21,142
ANRXToken.sol,,125,DynaMOSA,true,0.5897435897435898,6,12,0.5,34,44,0.7727272727272727,11,11,1,13,16,0.8125,1777.2980000972748,24,135
CourtFarming_RoomLPStake.sol,,545,DynaMOSA,true,0.6071428571428571,12,32,0.375,73,108,0.6759259259259259,20,20,1,4,4,1,1734.792000055313,25,135
Baz.sol,,327,DynaMOSA,true,0.6,6,8,0.75,12,16,0.75,2,2,1,0,0,0,1774.8840000629425,32,135
BAE.sol,,926,DynaMOSA,false,0.35714285714285715,0,6,0,9,50,0.18,5,8,0.625,12,36,0.3333333333333333,1722.1579999923706,15,4
Controller.sol,,957,DynaMOSA,false,0.7037037037037037,0,8,0,38,70,0.5428571428571428,19,19,1,32,34,0.9411764705882353,1783.2130000591278,31,4
BTCParamV2.sol,,976,DynaMOSA,false,0.19230769230769232,0,12,0,16,56,0.2857142857142857,5,16,0.3125,6,14,0.42857142857142855,1786.0920000076294,37,4
BACMARSLPTOKENPool.sol,,301,DynaMOSA,false,0.6222222222222222,6,12,0.5,52,94,0.5531914893617021,25,36,0.6944444444444444,17,30,0.5666666666666667,1778.141000032425,25,148
Cryptoz.sol,,540,DynaMOSA,false,0.43137254901960786,2,18,0.1111111111111111,40,155,0.25806451612903225,20,34,0.5882352941176471,21,74,0.28378378378378377,1717.2809998989105,10,148
AavePoolReward.sol,,703,DynaMOSA,false,0.7142857142857143,5,10,0.5,27,44,0.6136363636363636,11,12,0.9166666666666666,6,6,1,1762.8159999847412,25,148
AntiBaseProtocol.sol,,374,Random,false,0.7708333333333334,3,8,0.375,85,98,0.8673469387755102,39,42,0.9285714285714286,24,26,0.9230769230769231,1801.2310001850128,298,77
Cover_ZapIn_General_V1.sol,,874,Random,false,0.34545454545454546,2,16,0.125,39,129,0.3023255813953488,22,42,0.5238095238095238,13,44,0.29545454545454547,1801.1980001926422,202,77
Dynamic.sol,,677,Random,false,0.75,1,2,0.5,3,4,0.75,2,2,1,0,0,0,1800.4420001506805,428,77
BlueICE.sol,,415,DynaMOSA,true,0.5869565217391305,7,14,0.5,67,117,0.5726495726495726,31,43,0.7209302325581395,20,38,0.5263157894736842,1831.5179998874664,26,99
DJCoin.sol,,423,DynaMOSA,true,0.7017543859649122,3,6,0.5,69,91,0.7582417582417582,22,25,0.88,18,28,0.6428571428571429,1834.516000032425,25,99
GreenMarkTrust.sol,,583,DynaMOSA,true,0.7916666666666666,1,2,0.5,28,37,0.7567567567567568,8,8,1,12,14,0.8571428571428571,1771.9820001125336,28,93
Fomp.sol,,730,DynaMOSA,true,0.6666666666666666,9,24,0.375,65,92,0.7065217391304348,19,19,1,15,20,0.75,1814.8600001335144,34,93
FairStockEquity.sol,,852,DynaMOSA,true,0.6,1,6,0.16666666666666666,59,120,0.49166666666666664,27,28,0.9642857142857143,31,48,0.6458333333333334,1788.1019999980927,18,93
Cover_ZapIn_General_V1.sol,,87,Random,false,0.34545454545454546,2,16,0.125,39,129,0.3023255813953488,22,42,0.5238095238095238,13,44,0.29545454545454547,1809.2200000286102,201,107
AntiBaseProtocol.sol,,372,Random,false,0.7708333333333334,3,8,0.375,85,98,0.8673469387755102,39,42,0.9285714285714286,24,26,0.9230769230769231,1805.106999874115,308,107
Dynamic.sol,,79,Random,false,0.75,1,2,0.5,3,4,0.75,2,2,1,0,0,0,1801.8029999732971,436,107
FairStockEquity.sol,,279,Random,false,0.8125,1,6,0.16666666666666666,59,120,0.49166666666666664,27,28,0.9642857142857143,31,48,0.6458333333333334,1805.805999994278,204,32
GardenContractV2.sol,,523,Random,false,0.32978723404255317,7,62,0.11290322580645161,50,197,0.25380710659898476,25,32,0.78125,0,22,0,1813.239000082016,231,32
Fomp.sol,,818,Random,false,0.6511627906976745,8,24,0.3333333333333333,60,92,0.6521739130434783,19,19,1,16,20,0.8,1800.608999967575,405,32
ANRXToken.sol,,887,DynaMOSA,true,0.5641025641025641,6,12,0.5,34,44,0.7727272727272727,11,11,1,13,16,0.8125,1806.75,23,45
Baz.sol,,849,DynaMOSA,true,0.6,7,8,0.875,14,16,0.875,2,2,1,0,0,0,1838.3789999485016,27,45
CourtFarming_RoomLPStake.sol,,554,DynaMOSA,true,0.6071428571428571,12,32,0.375,73,108,0.6759259259259259,20,20,1,4,4,1,1787.9969999790192,26,45
DmmControllerV2.sol,,48,Random,false,0.3619047619047619,0,14,0,86,258,0.3333333333333333,43,111,0.38738738738738737,19,102,0.18627450980392157,1807.1630001068115,89,38
DJCoin.sol,,437,Random,false,0.8275862068965517,3,6,0.5,69,91,0.7582417582417582,22,25,0.88,18,28,0.6428571428571429,1801.651999950409,285,38
LIBERAPAY.sol,,365,Random,false,0.532258064516129,5,28,0.17857142857142858,87,141,0.6170212765957447,33,39,0.8461538461538461,40,50,0.8,1801.2389998435974,270,38
DMONDETHRewards.sol,,40,DynaMOSA,false,0.7017543859649122,7,14,0.5,67,105,0.638095238095238,37,47,0.7872340425531915,19,34,0.5588235294117647,1827.8340001106262,25,109
Core_Fi_V3.sol,,985,DynaMOSA,false,0.75,2,4,0.5,15,22,0.6818181818181818,7,8,0.875,0,0,0,1874.731999874115,24,109
ANRXToken.sol,,938,DynaMOSA,false,0.4782608695652174,6,12,0.5,30,44,0.6818181818181818,11,11,1,10,16,0.625,1797.885999917984,23,103
Baz.sol,,4,DynaMOSA,false,0.6,7,8,0.875,14,16,0.875,2,2,1,0,0,0,1794.8039999008179,33,103
CourtFarming_RoomLPStake.sol,,577,DynaMOSA,false,0.6153846153846154,12,32,0.375,73,108,0.6759259259259259,20,20,1,4,4,1,1742.8629999160767,26,103
BAE.sol,,393,DynaMOSA,true,0.28,0,6,0,9,50,0.18,5,8,0.625,12,36,0.3333333333333333,1772.1399998664856,15,36
Controller.sol,,247,DynaMOSA,true,0.5573770491803278,0,8,0,38,70,0.5428571428571428,19,19,1,32,34,0.9411764705882353,1807.3940000534058,31,36
BTCParamV2.sol,,507,DynaMOSA,true,0.25,0,12,0,16,56,0.2857142857142857,5,16,0.3125,6,14,0.42857142857142855,1824.6189999580383,38,36
EqFinanceStaking.sol,,377,Random,false,0.3877551020408163,4,20,0.2,24,88,0.2727272727272727,16,30,0.5333333333333333,7,22,0.3181818181818182,1801.0640001296997,368,41
PRDZstakingV2.sol,,150,Random,false,0.46875,5,26,0.19230769230769232,53,136,0.3897058823529412,26,39,0.6666666666666666,7,18,0.3888888888888889,1808.9300000667572,302,41
FrogDAOGovernanceRewards.sol,,191,Random,false,0.7391304347826086,5,10,0.5,32,56,0.5714285714285714,13,16,0.8125,11,16,0.6875,1802.7249999046326,311,41
FreakCoin.sol,,824,Random,false,0.782608695652174,5,10,0.5,56,74,0.7567567567567568,13,13,1,9,10,0.9,1807.055999994278,346,146
CourtFarming_HTStake.sol,,656,Random,false,0.6153846153846154,12,32,0.375,73,109,0.6697247706422018,20,20,1,4,4,1,1803.4959998130798,288,146
BancorV2_ZapIn_General_V1_1.sol,,642,Random,false,0.2962962962962963,1,18,0.05555555555555555,30,118,0.2542372881355932,19,39,0.48717948717948717,8,42,0.19047619047619047,1806.8689999580383,214,146
FrogDAOGovernanceRewards.sol,,467,Random,false,0.7391304347826086,5,10,0.5,29,56,0.5178571428571429,13,16,0.8125,7,16,0.4375,1803.4840002059937,309,131
PRDZstakingV2.sol,,406,Random,false,0.46875,5,26,0.19230769230769232,53,136,0.3897058823529412,26,39,0.6666666666666666,7,18,0.3888888888888889,1806.0380001068115,299,131
EqFinanceStaking.sol,,747,Random,false,0.3877551020408163,4,20,0.2,24,88,0.2727272727272727,16,30,0.5333333333333333,7,22,0.3181818181818182,1804.8499999046326,369,131
BlueICE.sol,,884,DynaMOSA,false,0.6666666666666666,7,14,0.5,67,117,0.5726495726495726,31,43,0.7209302325581395,20,38,0.5263157894736842,1823.0250000953674,25,97
DJCoin.sol,,469,DynaMOSA,false,0.8275862068965517,3,6,0.5,69,91,0.7582417582417582,22,25,0.88,18,28,0.6428571428571429,1846.5600001811981,23,97
Core_Fi_V3.sol,,909,DynaMOSA,false,0.75,2,4,0.5,15,22,0.6818181818181818,7,8,0.875,0,0,0,1842.976000070572,30,79
DMONDETHRewards.sol,,666,DynaMOSA,false,0.7017543859649122,7,14,0.5,67,105,0.638095238095238,37,47,0.7872340425531915,19,34,0.5588235294117647,1790.3829998970032,25,79
DSP.sol,,477,DynaMOSA,false,0.6842105263157895,4,18,0.2222222222222222,103,154,0.6688311688311688,54,64,0.84375,47,60,0.7833333333333333,1773.226000070572,19,79
CourtFarming_RoomLPStake.sol,,95,DynaMOSA,false,0.6153846153846154,11,32,0.34375,69,108,0.6388888888888888,19,20,0.95,2,4,0.5,1753.569000005722,25,73
ANRXToken.sol,,175,DynaMOSA,false,0.4782608695652174,6,12,0.5,34,44,0.7727272727272727,11,11,1,13,16,0.8125,1806.2730000019073,23,73
Baz.sol,,950,DynaMOSA,false,0.6,6,8,0.75,12,16,0.75,2,2,1,0,0,0,1863.8860001564026,31,73
DSP.sol,,623,Random,false,0.7105263157894737,5,18,0.2777777777777778,106,154,0.6883116883116883,55,64,0.859375,45,60,0.75,1804.9459998607635,235,110
DMONDETHRewards.sol,,846,Random,false,0.7017543859649122,7,14,0.5,67,105,0.638095238095238,37,47,0.7872340425531915,19,34,0.5588235294117647,1803.3309998512268,290,110
Core_Fi_V3.sol,,853,Random,false,0.75,2,4,0.5,15,22,0.6818181818181818,7,8,0.875,0,0,0,1801.4159998893738,343,110
CourtFarming_HTStake.sol,,190,DynaMOSA,false,0.6153846153846154,12,32,0.375,73,109,0.6697247706422018,20,20,1,4,4,1,1828.6740000247955,26,25
BancorV2_ZapIn_General_V1_1.sol,,532,DynaMOSA,false,0.2962962962962963,1,18,0.05555555555555555,30,118,0.2542372881355932,19,39,0.48717948717948717,8,42,0.19047619047619047,1828.5279998779297,19,25
FreakCoin.sol,,788,DynaMOSA,false,0.5652173913043478,5,10,0.5,56,74,0.7567567567567568,13,13,1,9,10,0.9,1775.5899999141693,29,25
Final.sol,,616,DynaMOSA,false,0.20634920634920634,6,26,0.23076923076923078,28,105,0.26666666666666666,7,37,0.1891891891891892,9,40,0.225,1732.8670001029968,19,52
Liquidity_v8.sol,,24,DynaMOSA,false,0.3877551020408163,2,18,0.1111111111111111,34,126,0.2698412698412698,18,33,0.5454545454545454,14,48,0.2916666666666667,1717.114000082016,24,52
BirdOracle.sol,,22,DynaMOSA,false,0.6153846153846154,15,28,0.5357142857142857,44,66,0.6666666666666666,9,9,1,0,2,0,1819.4570000171661,39,52
Cryptoz.sol,,819,DynaMOSA,false,0.49019607843137253,2,18,0.1111111111111111,46,155,0.2967741935483871,22,34,0.6470588235294118,26,74,0.35135135135135137,1701.5390000343323,10,58
BACMARSLPTOKENPool.sol,,757,DynaMOSA,false,0.5333333333333333,4,12,0.3333333333333333,49,94,0.5212765957446809,24,36,0.6666666666666666,16,30,0.5333333333333333,1793.513000011444,25,58
AavePoolReward.sol,,113,DynaMOSA,false,0.7142857142857143,5,10,0.5,27,44,0.6136363636363636,11,12,0.9166666666666666,6,6,1,1830.8780000209808,25,58
FairStockEquity.sol,,551,Random,false,0.78125,1,6,0.16666666666666666,58,120,0.48333333333333334,26,28,0.9285714285714286,29,48,0.6041666666666666,1806.9319999217987,206,122
GardenContractV2.sol,,19,Random,false,0.32978723404255317,7,62,0.11290322580645161,50,197,0.25380710659898476,25,32,0.78125,0,22,0,1808.2060000896454,227,122
Fomp.sol,,873,Random,false,0.6511627906976745,9,24,0.375,60,92,0.6521739130434783,19,19,1,14,20,0.7,1803.345999956131,389,122
DmmControllerV2.sol,,165,Random,false,0.3238095238095238,1,14,0.07142857142857142,76,258,0.29457364341085274,38,111,0.34234234234234234,21,102,0.20588235294117646,1809.664999961853,90,128
DatrixoEquityToken.sol,,192,Random,false,0.6388888888888888,8,22,0.36363636363636365,46,62,0.7419354838709677,14,16,0.875,25,28,0.8928571428571429,1801.5069999694824,450,128
DJCoin.sol,,650,Random,false,0.8275862068965517,3,6,0.5,69,91,0.7582417582417582,22,25,0.88,18,28,0.6428571428571429,1808.5250000953674,277,128
BACMARSLPTOKENPool.sol,,802,DynaMOSA,true,0.5333333333333333,6,12,0.5,52,94,0.5531914893617021,25,36,0.6944444444444444,17,30,0.5666666666666667,1794.125,25,60
Cryptoz.sol,,199,DynaMOSA,true,0.32,1,18,0.05555555555555555,33,155,0.2129032258064516,22,34,0.6470588235294118,24,74,0.32432432432432434,1676.5329999923706,10,60
AavePoolReward.sol,,505,DynaMOSA,true,0.7037037037037037,5,10,0.5,27,44,0.6136363636363636,11,12,0.9166666666666666,6,6,1,1782.050999879837,25,60
Cover_ZapIn_General_V1.sol,,560,Random,false,0.34545454545454546,2,16,0.125,39,129,0.3023255813953488,22,42,0.5238095238095238,13,44,0.29545454545454547,1808.9530000686646,200,17
Dynamic.sol,,769,Random,false,0.75,1,2,0.5,3,4,0.75,2,2,1,0,0,0,1800.1779999732971,436,17
AntiBaseProtocol.sol,,988,Random,false,0.7708333333333334,3,8,0.375,83,98,0.8469387755102041,39,42,0.9285714285714286,24,26,0.9230769230769231,1802.6650002002716,300,17
Liquidity_v8.sol,,696,DynaMOSA,true,0.32989690721649484,2,18,0.1111111111111111,34,126,0.2698412698412698,18,33,0.5454545454545454,14,48,0.2916666666666667,1790.1399998664856,25,84
BirdOracle.sol,,649,DynaMOSA,true,0.5853658536585366,15,28,0.5357142857142857,44,66,0.6666666666666666,9,9,1,0,2,0,1802.1679999828339,35,84
Final.sol,,151,DynaMOSA,true,0.1650485436893204,5,26,0.19230769230769232,28,105,0.26666666666666666,7,37,0.1891891891891892,9,40,0.225,1740.8610000610352,21,84
Cryptoz.sol,,771,Random,false,0.49019607843137253,2,18,0.1111111111111111,46,155,0.2967741935483871,22,34,0.6470588235294118,26,74,0.35135135135135137,1814.9219999313354,122,89
BACMARSLPTOKENPool.sol,,454,Random,false,0.6222222222222222,6,12,0.5,52,94,0.5531914893617021,25,36,0.6944444444444444,17,30,0.5666666666666667,1802.9849998950958,308,89
AavePoolReward.sol,,869,Random,false,0.7142857142857143,5,10,0.5,27,44,0.6136363636363636,11,12,0.9166666666666666,6,6,1,1809.0940001010895,294,89
EqFinanceStaking.sol,,343,DynaMOSA,false,0.3877551020408163,4,20,0.2,24,88,0.2727272727272727,16,30,0.5333333333333333,7,22,0.3181818181818182,1849.4679999351501,32,10
FrogDAOGovernanceRewards.sol,,67,DynaMOSA,false,0.6521739130434783,5,10,0.5,29,56,0.5178571428571429,13,16,0.8125,7,16,0.4375,1776.0309998989105,27,10
PRDZstakingV2.sol,,442,DynaMOSA,false,0.46875,5,26,0.19230769230769232,53,136,0.3897058823529412,26,39,0.6666666666666666,7,18,0.3888888888888889,1789.085000038147,28,10
DJCoin.sol,,888,DynaMOSA,false,0.8275862068965517,3,6,0.5,69,91,0.7582417582417582,22,25,0.88,18,28,0.6428571428571429,1849.2909998893738,24,67
DatrixoEquityToken.sol,,868,DynaMOSA,false,0.6388888888888888,8,22,0.36363636363636365,45,62,0.7258064516129032,14,16,0.875,24,28,0.8571428571428571,1776.8489999771118,38,67
DmmControllerV2.sol,,790,DynaMOSA,false,0.11428571428571428,0,14,0,29,258,0.1124031007751938,12,111,0.10810810810810811,6,102,0.058823529411764705,1689.2509999275208,8,67
Final.sol,,791,Random,false,0.19047619047619047,5,26,0.19230769230769232,28,105,0.26666666666666666,7,37,0.1891891891891892,9,40,0.225,1805.5920000076294,246,83
BirdOracle.sol,,309,Random,false,0.6153846153846154,15,28,0.5357142857142857,44,66,0.6666666666666666,9,9,1,0,2,0,1801.9389998912811,424,83
Liquidity_v8.sol,,480,Random,false,0.3877551020408163,2,18,0.1111111111111111,34,126,0.2698412698412698,18,33,0.5454545454545454,14,48,0.2916666666666667,1805.3949999809265,275,83
BTCParamV2.sol,,428,Random,false,0.19230769230769232,0,12,0,16,56,0.2857142857142857,5,16,0.3125,6,14,0.42857142857142855,1800.24799990654,415,125
BAE.sol,,112,Random,false,0.35714285714285715,0,6,0,9,50,0.18,5,8,0.625,12,36,0.3333333333333333,1812.0869998931885,170,125
Controller.sol,,293,Random,false,0.7037037037037037,0,8,0,38,70,0.5428571428571428,19,19,1,32,34,0.9411764705882353,1800.5680000782013,339,125
BancorV2_ZapIn_General_V1_1.sol,,88,DynaMOSA,false,0.2962962962962963,1,18,0.05555555555555555,30,118,0.2542372881355932,19,39,0.48717948717948717,8,42,0.19047619047619047,1826.779000043869,19,55
CourtFarming_HTStake.sol,,925,DynaMOSA,false,0.6346153846153846,13,32,0.40625,74,109,0.6788990825688074,20,20,1,4,4,1,1797.1400001049042,26,55
FreakCoin.sol,,833,DynaMOSA,false,0.5652173913043478,5,10,0.5,55,74,0.7432432432432432,13,13,1,9,10,0.9,1805.7139999866486,27,55
Final.sol,,421,DynaMOSA,false,0.19047619047619047,5,26,0.19230769230769232,28,105,0.26666666666666666,7,37,0.1891891891891892,9,40,0.225,1809.688000202179,20,22
BirdOracle.sol,,335,DynaMOSA,false,0.6153846153846154,15,28,0.5357142857142857,44,66,0.6666666666666666,9,9,1,0,2,0,1811.4930000305176,37,22
Liquidity_v8.sol,,526,DynaMOSA,false,0.3877551020408163,2,18,0.1111111111111111,34,126,0.2698412698412698,18,33,0.5454545454545454,14,48,0.2916666666666667,1753.3990001678467,24,22
BACMARSLPTOKENPool.sol,,77,DynaMOSA,false,0.6222222222222222,6,12,0.5,52,94,0.5531914893617021,25,36,0.6944444444444444,17,30,0.5666666666666667,1817.0490000247955,26,28
AavePoolReward.sol,,582,DynaMOSA,false,0.7142857142857143,5,10,0.5,27,44,0.6136363636363636,11,12,0.9166666666666666,6,6,1,1766.8799998760223,25,28
CourtFarming_HTStake.sol,,993,DynaMOSA,true,0.6071428571428571,12,32,0.375,73,109,0.6697247706422018,20,20,1,4,4,1,1750.3220000267029,25,117
BancorV2_ZapIn_General_V1_1.sol,,479,DynaMOSA,true,0.22916666666666666,1,18,0.05555555555555555,30,118,0.2542372881355932,19,39,0.48717948717948717,8,42,0.19047619047619047,1763.4079999923706,18,117
FreakCoin.sol,,428,DynaMOSA,true,0.6363636363636364,5,10,0.5,58,74,0.7837837837837838,13,13,1,10,10,1,1811.6389999389648,28,117
AavePoolReward.sol,,68,DynaMOSA,true,0.7407407407407407,5,10,0.5,27,44,0.6136363636363636,11,12,0.9166666666666666,6,6,1,1795.266000032425,26,90
BACMARSLPTOKENPool.sol,,199,DynaMOSA,true,0.49333333333333335,4,12,0.3333333333333333,49,94,0.5212765957446809,24,36,0.6666666666666666,16,30,0.5333333333333333,1831.9009997844696,25,90
ANRXToken.sol,,433,Random,false,0.4782608695652174,6,12,0.5,30,44,0.6818181818181818,11,11,1,10,16,0.625,1807.5209999084473,269,74
CourtFarming_RoomLPStake.sol,,886,Random,false,0.6153846153846154,11,32,0.34375,69,108,0.6388888888888888,19,20,0.95,2,4,0.5,1809.7779998779297,289,74
Baz.sol,,736,Random,false,0.8,7,8,0.875,14,16,0.875,2,2,1,0,0,0,1805.2239999771118,424,74
DJCoin.sol,,113,DynaMOSA,false,0.8275862068965517,3,6,0.5,69,91,0.7582417582417582,22,25,0.88,18,28,0.6428571428571429,1794.476000070572,25,7
BlueICE.sol,,858,DynaMOSA,false,0.6666666666666666,7,14,0.5,67,117,0.5726495726495726,31,43,0.7209302325581395,20,38,0.5263157894736842,1783.4230000972748,25,7
Cover_ZapIn_General_V1.sol,,79,DynaMOSA,false,0.34545454545454546,2,16,0.125,39,129,0.3023255813953488,22,42,0.5238095238095238,13,44,0.29545454545454547,1799.9270000457764,18,136
AntiBaseProtocol.sol,,316,DynaMOSA,false,0.7708333333333334,3,8,0.375,84,98,0.8571428571428571,39,42,0.9285714285714286,24,26,0.9230769230769231,1831.4800000190735,23,136
Dynamic.sol,,865,DynaMOSA,false,0.75,1,2,0.5,3,4,0.75,2,2,1,0,0,0,1774.585000038147,38,136
DMONDETHRewards.sol,,221,DynaMOSA,true,0.6043956043956044,7,14,0.5,67,105,0.638095238095238,37,47,0.7872340425531915,19,34,0.5588235294117647,1825.5529999732971,25,141
Core_Fi_V3.sol,,214,DynaMOSA,true,0.75,2,4,0.5,15,22,0.6818181818181818,7,8,0.875,0,0,0,1811.327999830246,26,141
DSP.sol,,317,DynaMOSA,true,0.6764705882352942,4,18,0.2222222222222222,97,154,0.6298701298701299,52,64,0.8125,44,60,0.7333333333333333,1750.4700000286102,18,141
Cover_ZapIn_General_V1.sol,,513,DynaMOSA,false,0.34545454545454546,2,16,0.125,39,129,0.3023255813953488,22,42,0.5238095238095238,13,44,0.29545454545454547,1747.4160001277924,17,46
AntiBaseProtocol.sol,,880,DynaMOSA,false,0.7708333333333334,3,8,0.375,85,98,0.8673469387755102,39,42,0.9285714285714286,24,26,0.9230769230769231,1760.5320000648499,20,46
Dynamic.sol,,408,DynaMOSA,false,0.75,1,2,0.5,3,4,0.75,2,2,1,0,0,0,1779.148999929428,37,46
GardenContractV2.sol,,160,DynaMOSA,false,0.32978723404255317,7,62,0.11290322580645161,48,197,0.2436548223350254,24,32,0.75,0,22,0,1741.4580001831055,20,31
FairStockEquity.sol,,483,DynaMOSA,false,0.71875,1,6,0.16666666666666666,53,120,0.44166666666666665,24,28,0.8571428571428571,21,48,0.4375,1735.058000087738,18,31
Fomp.sol,,42,DynaMOSA,false,0.6511627906976745,8,24,0.3333333333333333,64,92,0.6956521739130435,19,19,1,15,20,0.75,1834.851000070572,35,31
CourtFarming_RoomLPStake.sol,,690,Random,false,0.6153846153846154,11,32,0.34375,69,108,0.6388888888888888,19,20,0.95,2,4,0.5,1804.7210001945496,291,104
Baz.sol,,554,Random,false,0.8,7,8,0.875,14,16,0.875,2,2,1,0,0,0,1802.090000152588,421,104
ANRXToken.sol,,414,Random,false,0.4782608695652174,6,12,0.5,34,44,0.7727272727272727,11,11,1,13,16,0.8125,1804.146999835968,261,104
